name	ha_id	collection_date	date_flags	region	country	division	location_1	location_2	subtype	clade_nextclade	short-clade	subclade	coverage	host	submitting_lab	accession_id	old_date	ha_segment_id	clade_gisaid	date	year
epi3629995/africa/south_africa/2024-09-06	EPI3629995	2024-09-06	unchanged	Africa	South Africa	Mpumalanga			A / H3N2	3C.2a1b.2a.2a.3a.1	2a.3a.1	J.2	99.0104772991851	Human	National Institute for Communicable Diseases (NICD)	EPI_ISL_19531030	2024-09-06	EPI3629995|R07790-24_4	3C.2a1b.2a.2a.3a.1	2024-09-06	2024
epi3352715/africa/south_africa/2023-08-07	EPI3352715	2023-08-07	unchanged	Africa	South Africa	Gauteng			A / H3N2	3C.2a1b.2a.2a.3a.1	2a.3a.1	J	99.0104772991851	Human	National Institute for Communicable Diseases (NICD)	EPI_ISL_19177771	2023-08-07	EPI3352715|R09020-23_4	3C.2a1b.2a.2a.3a.1	2023-08-07	2023
epi3352699/africa/south_africa/2023-07-04	EPI3352699	2023-07-04	unchanged	Africa	South Africa	Mpumalanga			A / H3N2	3C.2a1b.2a.2a.3a.1	2a.3a.1	J	99.0104772991851	Human	National Institute for Communicable Diseases (NICD)	EPI_ISL_19177769	2023-07-04	EPI3352699|R07938-23_4	3C.2a1b.2a.2a.3a.1	2023-07-04	2023
epi3352691/africa/south_africa/2023-07-04	EPI3352691	2023-07-04	unchanged	Africa	South Africa	Province of the Western Cape			A / H3N2	3C.2a1b.2a.2a.3a.1	2a.3a.1	J	99.0104772991851	Human	National Institute for Communicable Diseases (NICD)	EPI_ISL_19177768	2023-07-04	EPI3352691|R07902-23_4	3C.2a1b.2a.2a.3a.1	2023-07-04	2023
epi3352668/africa/south_africa/2023-07-04	EPI3352668	2023-07-04	unchanged	Africa	South Africa	Mpumalanga			A / H3N2	3C.2a1b.2a.2a.3a.1	2a.3a.1	J	99.0104772991851	Human	National Institute for Communicable Diseases (NICD)	EPI_ISL_19177765	2023-07-04	EPI3352668|R07785-23_4	3C.2a1b.2a.2a.3a.1	2023-07-04	2023
epi3352662/africa/south_africa/2023-07-03	EPI3352662	2023-07-03	unchanged	Africa	South Africa	Gauteng			A / H3N2	3C.2a1b.2a.2a.3a.1	2a.3a.1	J	99.0104772991851	Human	National Institute for Communicable Diseases (NICD)	EPI_ISL_19177764	2023-07-03	EPI3352662|R07734-23_4	3C.2a1b.2a.2a.3a.1	2023-07-03	2023
epi3352628/africa/south_africa/2023-06-07	EPI3352628	2023-06-07	unchanged	Africa	South Africa	Province of the Western Cape			A / H3N2	3C.2a1b.2a.2a.3a.1	2a.3a.1	J	99.0104772991851	Human	National Institute for Communicable Diseases (NICD)	EPI_ISL_19177759	2023-06-07	EPI3352628|R06715-23_4	3C.2a1b.2a.2a.3a.1	2023-06-07	2023
epi3352548/africa/south_africa/2023-04-20	EPI3352548	2023-04-20	unchanged	Africa	South Africa	Province of Eastern Cape			A / H3N2	3C.2a1b.2a.2a.1b	2a.1b	G.1.1.2	98.9522700814901	Human	National Institute for Communicable Diseases (NICD)	EPI_ISL_19177749	2023-04-20	EPI3352548|R03946-23_4	3C.2a1b.2a.2a.1b	2023-04-20	2023
epi2610504/africa/south_africa/2023-05-10	EPI2610504	2023-05-10	unchanged	Africa	South Africa	North west			A / H3N2	3C.2a1b.2a.2b	2b	G.2	99.0104772991851	Human	National Institute for Communicable Diseases (NICD)	EPI_ISL_17949142	2023-05-10	EPI2610504|R04801-23_4	3C.2a1b.2a.2b	2023-05-10	2023
epi2610376/africa/south_africa/2023-05-04	EPI2610376	2023-05-04	unchanged	Africa	South Africa	KwaZulu Natal			A / H3N2	3C.2a1b.2a.2b	2b	G.2	99.0104772991851	Human	National Institute for Communicable Diseases (NICD)	EPI_ISL_17891840	2023-05-04	EPI2610376|R04562-23_4	3C.2a1b.2a.2b	2023-05-04	2023
epi2610360/africa/south_africa/2023-04-28	EPI2610360	2023-04-28	unchanged	Africa	South Africa	KwaZulu Natal			A / H3N2	3C.2a1b.2a.2a.3a.1	2a.3a.1	J	99.0104772991851	Human	National Institute for Communicable Diseases (NICD)	EPI_ISL_17891792	2023-04-28	EPI2610360|R04552-23_4	3C.2a1b.2a.2a.3a.1	2023-04-28	2023
epi2610352/africa/south_africa/2023-04-26	EPI2610352	2023-04-26	unchanged	Africa	South Africa	Province of the Western Cape			A / H3N2	3C.2a1b.2a.2a.1b	2a.1b	G.1.1.2	99.0104772991851	Human	National Institute for Communicable Diseases (NICD)	EPI_ISL_17891767	2023-04-26	EPI2610352|R04533-23_4	3C.2a1b.2a.2a.1b	2023-04-26	2023
epi2610307/africa/south_africa/2023-05-02	EPI2610307	2023-05-02	unchanged	Africa	South Africa	Unknown			A / H3N2	3C.2a1b.2a.2a.1b	2a.1b	G.1.1.2	99.0104772991851	Human	National Institute for Communicable Diseases (NICD)	EPI_ISL_17891631	2023-05-02	EPI2610307|R04387-23_4	3C.2a1b.2a.2a.1b	2023-05-02	2023
epi2610299/africa/south_africa/2023-04-28	EPI2610299	2023-04-28	unchanged	Africa	South Africa	Gauteng			A / H3N2	3C.2a1b.2a.2a.3a.1	2a.3a.1	J	99.0104772991851	Human	National Institute for Communicable Diseases (NICD)	EPI_ISL_17891610	2023-04-28	EPI2610299|R04358-23_4	3C.2a1b.2a.2a.3a.1	2023-04-28	2023
epi2610283/africa/south_africa/2023-04-24	EPI2610283	2023-04-24	unchanged	Africa	South Africa	Gauteng			A / H3N2	3C.2a1b.2a.2a.3a.1	2a.3a.1	J	99.0104772991851	Human	National Institute for Communicable Diseases (NICD)	EPI_ISL_17891567	2023-04-24	EPI2610283|R04247-23_4	3C.2a1b.2a.2a.3a.1	2023-04-24	2023
epi2610275/africa/south_africa/2023-04-24	EPI2610275	2023-04-24	unchanged	Africa	South Africa	Gauteng			A / H3N2	3C.2a1b.2a.2a.3	2a.3	G.1.3	99.0104772991851	Human	National Institute for Communicable Diseases (NICD)	EPI_ISL_17891543	2023-04-24	EPI2610275|R04246-23_4	3C.2a1b.2a.2a.3	2023-04-24	2023
epi2610267/africa/south_africa/2023-04-24	EPI2610267	2023-04-24	unchanged	Africa	South Africa	KwaZulu Natal			A / H3N2	3C.2a1b.2a.2a.3a.1	2a.3a.1	J	99.0104772991851	Human	National Institute for Communicable Diseases (NICD)	EPI_ISL_17891520	2023-04-24	EPI2610267|R04203-23_4	3C.2a1b.2a.2a.3a.1	2023-04-24	2023
epi2610235/africa/south_africa/2023-04-19	EPI2610235	2023-04-19	unchanged	Africa	South Africa	Eastern cape			A / H3N2	3C.2a1b.2a.2a.1b	2a.1b	G.1.1.2	98.9522700814901	Human	National Institute for Communicable Diseases (NICD)	EPI_ISL_17891424	2023-04-19	EPI2610235|R03954-23_4	3C.2a1b.2a.2a.1b	2023-04-19	2023
epi2610219/africa/south_africa/2023-04-19	EPI2610219	2023-04-19	unchanged	Africa	South Africa	Gauteng			A / H3N2	3C.2a1b.2a.2b	2b	G.2	99.0104772991851	Human	National Institute for Communicable Diseases (NICD)	EPI_ISL_17891376	2023-04-19	EPI2610219|R03848-23_4	3C.2a1b.2a.2b	2023-04-19	2023
epi2312539/africa/south_africa/2022-06-21	EPI2312539	2022-06-21	unchanged	Africa	South Africa	Gauteng			A / H3N2	3C.2a1b.2a.2c	2c	G.3	99.35972060535507	Human	National Institute for Communicable Diseases (NICD)	EPI_ISL_16647650	2022-06-21	EPI2312539|A/South Africa/R07607/2022	3C.2a1b.2a.2c	2022-06-21	2022
epi4246837/africa/south_africa/2025-02-28	EPI4246837	2025-02-28	unchanged	Africa	South Africa	Province of the Western Cape			A / H3N2	3C.2a1b.2a.2a.3a.1	2a.3a.1	J.2	99.0104772991851	Human	National Institute for Communicable Diseases (NICD)	EPI_ISL_19826248	2025-02-28	EPI4246837|R01788_25A_4	3C.2a1b.2a.2a.3a.1	2025-02-28	2025
epi4246829/africa/south_africa/2025-02-19	EPI4246829	2025-02-19	unchanged	Africa	South Africa	KwaZulu Natal			A / H3N2	3C.2a1b.2a.2a.3a.1	2a.3a.1	J.2.2	99.0104772991851	Human	National Institute for Communicable Diseases (NICD)	EPI_ISL_19826247	2025-02-19	EPI4246829|R01623_25A_4	3C.2a1b.2a.2a.3a.1	2025-02-19	2025
epi4246399/africa/south_africa/2025-02-24	EPI4246399	2025-02-24	unchanged	Africa	South Africa	Province of the Western Cape			A / H3N2	3C.2a1b.2a.2a.3a.1	2a.3a.1	J.2.2	99.0104772991851	Human	National Institute for Communicable Diseases (NICD)	EPI_ISL_19826186	2025-02-24	EPI4246399|R01713_25A_4	3C.2a1b.2a.2a.3a.1	2025-02-24	2025
epi4246391/africa/south_africa/2025-02-13	EPI4246391	2025-02-13	unchanged	Africa	South Africa	Province of the Western Cape			A / H3N2	3C.2a1b.2a.2a.3a.1	2a.3a.1	J.2.2	99.0104772991851	Human	National Institute for Communicable Diseases (NICD)	EPI_ISL_19826185	2025-02-13	EPI4246391|R01597_25A_4	3C.2a1b.2a.2a.3a.1	2025-02-13	2025
epi4246368/africa/south_africa/2025-01-28	EPI4246368	2025-01-28	unchanged	Africa	South Africa	KwaZulu Natal			A / H3N2	3C.2a1b.2a.2a.3a.1	2a.3a.1	J.2.2	98.9522700814901	Human	National Institute for Communicable Diseases (NICD)	EPI_ISL_19826182	2025-01-28	EPI4246368|R01135_25A_4	3C.2a1b.2a.2a.3a.1	2025-01-28	2025
epi3293081/africa/south_africa/2024-03-28	EPI3293081	2024-03-28	unchanged	Africa	South Africa	Mpumalanga			A / H3N2	3C.2a1b.2a.2b	2b	G.2	7.85797438882421	Human	National Institute for Communicable Diseases (NICD)	EPI_ISL_19139328	2024-03-28	EPI3293081|R02427-24-A_4	3C.2a1b.2a	2024-03-28	2024
epi2774417/africa/south_africa/2021-11-05	EPI2774417	2021-11-05	unchanged	Africa	South Africa	Province of the Western Cape			A / H3N2	3C.2a1b.1b	3C.2a1b.1b	D	99.0104772991851	Human	National Institute for Communicable Diseases (NICD)	EPI_ISL_18385072	2021-11-05	EPI2774417|R16114-21_4	3C.2a1b.1b	2021-11-05	2021
epi2774404/africa/south_africa/2021-11-02	EPI2774404	2021-11-02	unchanged	Africa	South Africa	Province of the Western Cape			A / H3N2	3C.2a1b.1b	3C.2a1b.1b	D	99.0104772991851	Human	National Institute for Communicable Diseases (NICD)	EPI_ISL_18385070	2021-11-02	EPI2774404|R15823-21_4	3C.2a1b.1b	2021-11-02	2021
epi2774268/africa/south_africa/2023-06-12	EPI2774268	2023-06-12	unchanged	Africa	South Africa	Limpopo			A / H3N2	3C.2a1b.2a.2a.1b	2a.1b	G.1.1.2	99.0104772991851	Human	National Institute for Communicable Diseases (NICD)	EPI_ISL_18385050	2023-06-12	EPI2774268|R06909-23_4	3C.2a1b.2a.2a.1b	2023-06-12	2023
epi2774252/africa/south_africa/2023-06-12	EPI2774252	2023-06-12	unchanged	Africa	South Africa	Limpopo			A / H3N2	3C.2a1b.2a.2a.1b	2a.1b	G.1.1.2	99.0104772991851	Human	National Institute for Communicable Diseases (NICD)	EPI_ISL_18385048	2023-06-12	EPI2774252|R06907-23_4	3C.2a1b.2a.2a.1b	2023-06-12	2023
epi2774220/africa/south_africa/2023-06-13	EPI2774220	2023-06-13	unchanged	Africa	South Africa	Gauteng			A / H3N2	3C.2a1b.2a.2a.3a.1	2a.3a.1	J	99.0104772991851	Human	National Institute for Communicable Diseases (NICD)	EPI_ISL_18385034	2023-06-13	EPI2774220|R06900-23_4	3C.2a1b.2a.2a.3a.1	2023-06-13	2023
epi2773988/africa/south_africa/2023-06-09	EPI2773988	2023-06-09	unchanged	Africa	South Africa	Province of the Western Cape			A / H3N2	3C.2a1b.2a.2a.1b	2a.1b	G.1.1.2	99.0104772991851	Human	National Institute for Communicable Diseases (NICD)	EPI_ISL_18385002	2023-06-09	EPI2773988|R06759-23_4	3C.2a1b.2a.2a.1b	2023-06-09	2023
epi2773886/africa/south_africa/2023-05-15	EPI2773886	2023-05-15	unchanged	Africa	South Africa	Unknown			A / H3N2	3C.2a1b.2a.2a.3a.1	2a.3a.1	J	99.0104772991851	Human	National Institute for Communicable Diseases (NICD)	EPI_ISL_18384981	2023-05-15	EPI2773886|R05541-23_4	3C.2a1b.2a.2a.3a.1	2023-05-15	2023
epi2773836/africa/south_africa/2022-03-22	EPI2773836	2022-03-22	unchanged	Africa	South Africa	Gauteng			A / H3N2	3C.2a1b.2a.2c	2c	G.3	99.0104772991851	Human	National Institute for Communicable Diseases (NICD)	EPI_ISL_18384954	2022-03-22	EPI2773836|R03557-22_4	3C.2a1b.2a.2c	2022-03-22	2022
epi2689318/africa/south_africa/2023-06-01	EPI2689318	2023-06-01	unchanged	Africa	South Africa	Province of the Western Cape			A / H3N2	3C.2a1b.2a.2a.3a.1	2a.3a.1	J	99.0104772991851	Human	National Institute for Communicable Diseases (NICD)	EPI_ISL_18106163	2023-06-01	EPI2689318|R06587-23_4	3C.2a1b.2a.2a.3a.1	2023-06-01	2023
epi2689264/africa/south_africa/2023-02-06	EPI2689264	2023-02-06	unchanged	Africa	South Africa	KwaZulu Natal			A / H3N2	3C.2a1b.2a.2a.3a.1	2a.3a.1	J	99.0104772991851	Human	National Institute for Communicable Diseases (NICD)	EPI_ISL_18106156	2023-02-06	EPI2689264|R06564-23_4	3C.2a1b.2a.2a.3a.1	2023-02-06	2023
epi2689188/africa/south_africa/2023-05-26	EPI2689188	2023-05-26	unchanged	Africa	South Africa	Province of the Western Cape			A / H3N2	3C.2a1b.2a.2a.1b	2a.1b	G.1.1.2	99.0104772991851	Human	National Institute for Communicable Diseases (NICD)	EPI_ISL_18106147	2023-05-26	EPI2689188|R06340-23_4	3C.2a1b.2a.2a.1b	2023-05-26	2023
epi2689163/africa/south_africa/2023-06-05	EPI2689163	2023-06-05	unchanged	Africa	South Africa	Province of the Western Cape			A / H3N2	3C.2a1b.2a.2a.1b	2a.1b	G.1.1.2	99.0104772991851	Human	National Institute for Communicable Diseases (NICD)	EPI_ISL_18106143	2023-06-05	EPI2689163|R06531-23_4	3C.2a1b.2a.2a.1b	2023-06-05	2023
epi2689118/africa/south_africa/2023-06-05	EPI2689118	2023-06-05	unchanged	Africa	South Africa	North West			A / H3N2	3C.2a1b.2a.2b	2b	G.2	99.0104772991851	Human	National Institute for Communicable Diseases (NICD)	EPI_ISL_18106138	2023-06-05	EPI2689118|R06508-23_4	3C.2a1b.2a.2b	2023-06-05	2023
epi2689110/africa/south_africa/2023-06-02	EPI2689110	2023-06-02	unchanged	Africa	South Africa	North West			A / H3N2	3C.2a1b.2a.2b	2b	G.2	99.0104772991851	Human	National Institute for Communicable Diseases (NICD)	EPI_ISL_18106136	2023-06-02	EPI2689110|R06506-23_4	3C.2a1b.2a.2b	2023-06-02	2023
epi2688756/africa/south_africa/2023-06-01	EPI2688756	2023-06-01	unchanged	Africa	South Africa	Gauteng			A / H3N2	3C.2a1b.2a.2b	2b	G.2	99.0104772991851	Human	National Institute for Communicable Diseases (NICD)	EPI_ISL_18106091	2023-06-01	EPI2688756|R06370-23_4	3C.2a1b.2a.2b	2023-06-01	2023
epi2688685/africa/south_africa/2023-06-01	EPI2688685	2023-06-01	unchanged	Africa	South Africa	Province of the Western Cape			A / H3N2	3C.2a1b.2a.2a.1b	2a.1b	G.1.1.2	99.0104772991851	Human	National Institute for Communicable Diseases (NICD)	EPI_ISL_18106081	2023-06-01	EPI2688685|R06359-23_4	3C.2a1b.2a.2a.1b	2023-06-01	2023
epi2688595/africa/south_africa/2023-05-26	EPI2688595	2023-05-26	unchanged	Africa	South Africa	Gauteng			A / H3N2	3C.2a1b.2a.2a.1b	2a.1b	G.1.1.2	99.0104772991851	Human	National Institute for Communicable Diseases (NICD)	EPI_ISL_18106070	2023-05-26	EPI2688595|R05919-23_4	3C.2a1b.2a.2a.1b	2023-05-26	2023
epi2688545/africa/south_africa/2023-05-25	EPI2688545	2023-05-25	unchanged	Africa	South Africa	North West			A / H3N2	3C.2a1b.2a.2a	2a	G.1	96.91501746216532	Human	National Institute for Communicable Diseases (NICD)	EPI_ISL_18106064	2023-05-25	EPI2688545|R05915-23_4	3C.2a1b.2a.2b	2023-05-25	2023
epi2688509/africa/south_africa/2023-06-01	EPI2688509	2023-06-01	unchanged	Africa	South Africa	Province of the Western Cape			A / H3N2	3C.2a1b.2a.2b	2b	G.2	99.0104772991851	Human	National Institute for Communicable Diseases (NICD)	EPI_ISL_18106059	2023-06-01	EPI2688509|R06174-23_4	3C.2a1b.2a.2b	2023-06-01	2023
epi2688389/africa/south_africa/2023-05-30	EPI2688389	2023-05-30	unchanged	Africa	South Africa	Province of the Western Cape			A / H3N2	3C.2a1b.2a.2a.3a.1	2a.3a.1	J	99.0104772991851	Human	National Institute for Communicable Diseases (NICD)	EPI_ISL_18106044	2023-05-30	EPI2688389|R06157-23_4	3C.2a1b.2a.2a.3a.1	2023-05-30	2023
epi2688290/africa/south_africa/2023-05-23	EPI2688290	2023-05-23	unchanged	Africa	South Africa	Mpumalanga			A / H3N2	3C.2a1b.2a.2a.3a.1	2a.3a.1	J	99.0104772991851	Human	National Institute for Communicable Diseases (NICD)	EPI_ISL_18106031	2023-05-23	EPI2688290|R05850-23_4	3C.2a1b.2a.2a.3a.1	2023-05-23	2023
epi2688271/africa/south_africa/2023-05-23	EPI2688271	2023-05-23	unchanged	Africa	South Africa	Mpumalanga			A / H3N2	3C.2a1b.2a.2a.3a.1	2a.3a.1	J	99.0104772991851	Human	National Institute for Communicable Diseases (NICD)	EPI_ISL_18106028	2023-05-23	EPI2688271|R05848-23_4	3C.2a1b.2a.2a.3a.1	2023-05-23	2023
epi2688221/africa/south_africa/2023-05-30	EPI2688221	2023-05-30	unchanged	Africa	South Africa	Province of the Western Cape			A / H3N2	3C.2a1b.2a.2a.3a.1	2a.3a.1	J	99.0104772991851	Human	National Institute for Communicable Diseases (NICD)	EPI_ISL_18106022	2023-05-30	EPI2688221|R05997-23_4	3C.2a1b.2a.2a.3a.1	2023-05-30	2023
epi2688158/africa/south_africa/2023-05-22	EPI2688158	2023-05-22	unchanged	Africa	South Africa	Province of the Western Cape			A / H3N2	3C.2a1b.2a.2a.1b	2a.1b	G.1.1.2	99.0104772991851	Human	National Institute for Communicable Diseases (NICD)	EPI_ISL_18106014	2023-05-22	EPI2688158|R05785-23_4	3C.2a1b.2a.2a.1b	2023-05-22	2023
epi2687927/africa/south_africa/2023-05-19	EPI2687927	2023-05-19	unchanged	Africa	South Africa	Province of the Western Cape			A / H3N2	3C.2a1b.2a.2a.1b	2a.1b	G.1.1.2	98.89406286379511	Human	National Institute for Communicable Diseases (NICD)	EPI_ISL_18105984	2023-05-19	EPI2687927|R05479-23_4	3C.2a1b.2a.2a.1b	2023-05-19	2023
epi2543006/africa/south_africa/2022-07-05	EPI2543006	2022-07-05	unchanged	Africa	South Africa	Unknown			A / H3N2	3C.2a1b.2a.2c	2c	G.3	99.65075669383005	Human	National Institute for Communicable Diseases (NICD)	EPI_ISL_17623461	2022-07-05	EPI2543006|barcode92_consensus_h3|HA	3C.2a1b.2a.2c	2022-07-05	2022
epi2536801/africa/south_africa/2022-03-22	EPI2536801	2022-03-22	unchanged	Africa	South Africa	Gauteng			A / H3N2	3C.2a1b.2a.2c	2c	G.3	99.0104772991851	Human	National Institute for Communicable Diseases (NICD)	EPI_ISL_17566194	2022-03-22	EPI2536801|R3557-22_4	3C.2a1b.2a.2c	2022-03-22	2022
epi2312531/africa/south_africa/2022-06-20	EPI2312531	2022-06-20	unchanged	Africa	South Africa	Limpopo Province			A / H3N2	3C.2a1b.2a.2c	2c	G.3	99.41792782305005	Human	National Institute for Communicable Diseases (NICD)	EPI_ISL_16647550	2022-06-20	EPI2312531|A/South Africa/R07603/2022	3C.2a1b.2a.2c	2022-06-20	2022
epi2192352/africa/south_africa/2022-05-30	EPI2192352	2022-05-30	unchanged	Africa	South Africa				A / H3N2	3C.2a1b.2a.2c	2c	G.3	100.0	Human	Centers for Disease Control and Prevention	EPI_ISL_15288576	2022-05-30	EPI2192352|3001291136_N8KA2BSL_v1_4	3C.2a1b.2a.2c	2022-05-30	2022
epi2159131/africa/south_africa/2022-05-23	EPI2159131	2022-05-23	unchanged	Africa	South Africa				A / H3N2	3C.2a1b.2a.2c	2c	G.3	100.0	Human	Centers for Disease Control and Prevention	EPI_ISL_14870582	2022-05-23	EPI2159131|3001291133_N8KA2BS6_v1_4	3C.2a1b.2a.2c	2022-05-23	2022
epi2159116/africa/south_africa/2022-06-10	EPI2159116	2022-06-10	unchanged	Africa	South Africa				A / H3N2	3C.2a1b.2a.2c	2c	G.3	100.0	Human	Centers for Disease Control and Prevention	EPI_ISL_14870547	2022-06-10	EPI2159116|3001291145_N8KA2BTU_v1_4	3C.2a1b.2a.2c	2022-06-10	2022
epi2159108/africa/south_africa/2022-05-31	EPI2159108	2022-05-31	unchanged	Africa	South Africa				A / H3N2	3C.2a1b.2a.2b	2b	G.2	100.0	Human	Centers for Disease Control and Prevention	EPI_ISL_14870532	2022-05-31	EPI2159108|3001291134_N8KA2BSB_v1_4	3C.2a1b.2a.2b	2022-05-31	2022
epi2159100/africa/south_africa/2022-05-23	EPI2159100	2022-05-23	unchanged	Africa	South Africa				A / H3N2	3C.2a1b.2a.2c	2c	G.3	100.0	Human	Centers for Disease Control and Prevention	EPI_ISL_14870517	2022-05-23	EPI2159100|3001291148_N8KA2BU9_v1_4	3C.2a1b.2a.2c	2022-05-23	2022
epi2159092/africa/south_africa/2022-06-07	EPI2159092	2022-06-07	unchanged	Africa	South Africa				A / H3N2	3C.2a1b.2a.2c	2c	G.3	99.941792782305	Human	Centers for Disease Control and Prevention	EPI_ISL_14870500	2022-06-07	EPI2159092|3001291140_N8KA2BT5_v1_4	3C.2a1b.2a.2c	2022-06-07	2022
epi2159061/africa/south_africa/2022-06-02	EPI2159061	2022-06-02	unchanged	Africa	South Africa				A / H3N2	3C.2a1b.2a.2b	2b	G.2	100.0	Human	Centers for Disease Control and Prevention	EPI_ISL_14870431	2022-06-02	EPI2159061|3001291135_N8KA2BSG_v1_4	3C.2a1b.2a.2b	2022-06-02	2022
epi4409110/africa/south_africa/2025-05-07	EPI4409110	2025-05-07	unchanged	Africa	South Africa	Gauteng			A / H3N2	3C.2a1b.2a.2a.3a.1	2a.3a.1	J.2.2	99.0104772991851	Human	National Institute for Communicable Diseases (NICD)	EPI_ISL_19893363	2025-05-07	EPI4409110|R04352_25_4	3C.2a1b.2a.2a.3a.1	2025-05-07	2025
epi4408960/africa/south_africa/2025-05-08	EPI4408960	2025-05-08	unchanged	Africa	South Africa	Gauteng			A / H3N2	3C.2a1b.2a.2a.3a.1	2a.3a.1	J.2.2	99.0104772991851	Human	National Institute for Communicable Diseases (NICD)	EPI_ISL_19893344	2025-05-08	EPI4408960|R04214_25_4	3C.2a1b.2a.2a.3a.1	2025-05-08	2025
epi4316076/africa/south_africa/2025-04-07	EPI4316076	2025-04-07	unchanged	Africa	South Africa	Province of Eastern Cape			A / H3N2	3C.2a1b.2a.2a.3a.1	2a.3a.1	J.2.2	99.0104772991851	Human	National Institute for Communicable Diseases (NICD)	EPI_ISL_19860469	2025-04-07	EPI4316076|R03558_25_4	3C.2a1b.2a.2a.3a.1	2025-04-07	2025
epi4316044/africa/south_africa/2025-04-09	EPI4316044	2025-04-09	unchanged	Africa	South Africa	Gauteng			A / H3N2	3C.2a1b.2a.2a.3a.1	2a.3a.1	J.2.2	99.0104772991851	Human	National Institute for Communicable Diseases (NICD)	EPI_ISL_19860465	2025-04-09	EPI4316044|R03524_25_4	3C.2a1b.2a.2a.3a.1	2025-04-09	2025
epi4315945/africa/south_africa/2025-03-31	EPI4315945	2025-03-31	unchanged	Africa	South Africa	Gauteng			A / H3N2	3C.2a1b.2a.2a.3a.1	2a.3a.1	J.2.2	99.0104772991851	Human	National Institute for Communicable Diseases (NICD)	EPI_ISL_19860452	2025-03-31	EPI4315945|R03360_25_4	3C.2a1b.2a.2a.3a.1	2025-03-31	2025
epi4315929/africa/south_africa/2025-03-28	EPI4315929	2025-03-28	unchanged	Africa	South Africa	Province of the Western Cape			A / H3N2	3C.2a1b.2a.2a.3a.1	2a.3a.1	J.2.2	99.0104772991851	Human	National Institute for Communicable Diseases (NICD)	EPI_ISL_19860450	2025-03-28	EPI4315929|R03341_25_4	3C.2a1b.2a.2a.3a.1	2025-03-28	2025
epi4315913/africa/south_africa/2025-03-27	EPI4315913	2025-03-27	unchanged	Africa	South Africa	Province of the Western Cape			A / H3N2	3C.2a1b.2a.2a.3a.1	2a.3a.1	J.2	99.0104772991851	Human	National Institute for Communicable Diseases (NICD)	EPI_ISL_19860448	2025-03-27	EPI4315913|R03338_25_4	3C.2a1b.2a.2a.3a.1	2025-03-27	2025
epi4251470/africa/south_africa/2025-02-02	EPI4251470	2025-02-02	unchanged	Africa	South Africa	Province of KwaZulu-Natal			A / H3N2	3C.2a1b.2a.2a.3a.1	2a.3a.1	J.2.2	99.0104772991851	Human	National Institute for Communicable Diseases (NICD)	EPI_ISL_19828356	2025-02-02	EPI4251470|A/South Africa/R01758/2025	3C.2a1b.2a.2a.3a.1	2025-02-02	2025
epi3293044/africa/south_africa/2024-03-15	EPI3293044	2024-03-15	unchanged	Africa	South Africa	Gauteng			A / H3N2	3C.2a1b.2a.2a.3a.1	2a.3a.1	J.2.1	99.0104772991851	Human	National Institute for Communicable Diseases (NICD)	EPI_ISL_19139322	2024-03-15	EPI3293044|R01967-24_4	3C.2a1b.2a.2a.3a.1	2024-03-15	2024
epi3226975/africa/south_africa/2024-02-14	EPI3226975	2024-02-14	unchanged	Africa	South Africa	Gauteng			A / H3N2	3C.2a1b.2a.2a.3a.1	2a.3a.1	J.1	99.0104772991851	Human	National Institute for Communicable Diseases (NICD)	EPI_ISL_19067160	2024-02-14	EPI3226975|R01102-24_4	3C.2a1b.2a.2a.3a.1	2024-02-14	2024
epi3226953/africa/south_africa/2024-02-06	EPI3226953	2024-02-06	unchanged	Africa	South Africa	Gauteng			A / H3N2	3C.2a1b.2a.2a.3a.1	2a.3a.1	J.2	99.0104772991851	Human	National Institute for Communicable Diseases (NICD)	EPI_ISL_19067156	2024-02-06	EPI3226953|R00713-24_4	3C.2a1b.2a.2a.3a.1	2024-02-06	2024
epi2732555/africa/south_africa/2023-06-09	EPI2732555	2023-06-09	unchanged	Africa	South Africa				A / H3N2	3C.2a1b.2a.2a.3a.1	2a.3a.1	J	100.0	Human	Centers for Disease Control and Prevention	EPI_ISL_18230441	2023-06-09	EPI2732555|3004157308_N8KIVERG_v1_4	3C.2a1b.2a.2a.3a.1	2023-06-09	2023
epi2732523/africa/south_africa/2023-03-16	EPI2732523	2023-03-16	unchanged	Africa	South Africa				A / H3N2	3C.2a1b.2a.2a.3a.1	2a.3a.1	J	100.0	Human	Centers for Disease Control and Prevention	EPI_ISL_18230437	2023-03-16	EPI2732523|3004157281_N8KIVENP_v1_4	3C.2a1b.2a.2a.3a.1	2023-03-16	2023
epi2732515/africa/south_africa/2023-07-07	EPI2732515	2023-07-07	unchanged	Africa	South Africa				A / H3N2	3C.2a1b.2a.2a.3a.1	2a.3a.1	J	100.0	Human	Centers for Disease Control and Prevention	EPI_ISL_18230436	2023-07-07	EPI2732515|3004157326_N8KIVETY_v1_4	3C.2a1b.2a.2a.3a.1	2023-07-07	2023
epi2732404/africa/south_africa/2023-05-09	EPI2732404	2023-05-09	unchanged	Africa	South Africa				A / H3N2	3C.2a1b.2a.2b	2b	G.2	100.0	Human	Centers for Disease Control and Prevention	EPI_ISL_18230422	2023-05-09	EPI2732404|3004157294_N8KIVEPI_v1_4	3C.2a1b.2a.2b	2023-05-09	2023
epi2732372/africa/south_africa/2023-05-05	EPI2732372	2023-05-05	unchanged	Africa	South Africa				A / H3N2	3C.2a1b.2a.2b	2b	G.2	100.0	Human	Centers for Disease Control and Prevention	EPI_ISL_18230418	2023-05-05	EPI2732372|3004157296_N8KIVEPS_v1_4	3C.2a1b.2a.2b	2023-05-05	2023
epi2732332/africa/south_africa/2023-05-11	EPI2732332	2023-05-11	unchanged	Africa	South Africa				A / H3N2	3C.2a1b.2a.2a.3	2a.3	G.1.3	100.0	Human	Centers for Disease Control and Prevention	EPI_ISL_18230413	2023-05-11	EPI2732332|3004157286_N8KIVEOE_v1_4	3C.2a1b.2a.2a.3	2023-05-11	2023
epi2653147/africa/south_africa/2023-05-16	EPI2653147	2023-05-16	unchanged	Africa	South Africa	KwaZulu Natal			A / H3N2	3C.2a1b.2a.2b	2b	G.2	99.0104772991851	Human	National Institute for Communicable Diseases (NICD)	EPI_ISL_18041737	2023-05-16	EPI2653147|R05384-23_4	3C.2a1b.2a.2b	2023-05-16	2023
epi4380985/africa/south_africa/2025-05-02	EPI4380985	2025-05-02	unchanged	Africa	South Africa	Province of the Western Cape			A / H3N2	3C.2a1b.2a.2a.3a.1	2a.3a.1	J.2	99.0104772991851	Human	National Institute for Communicable Diseases (NICD)	EPI_ISL_19879065	2025-05-02	EPI4380985|R04109_25_4	3C.2a1b.2a.2a.3a.1	2025-05-02	2025
epi3606961/africa/south_africa/2024-07-31	EPI3606961	2024-07-31	unchanged	Africa	South Africa	Province of the Western Cape			A / H3N2	3C.2a1b.2a.2a.3a.1	2a.3a.1	J.2	99.0104772991851	Human	National Institute for Communicable Diseases (NICD)	EPI_ISL_19493780	2024-07-31	EPI3606961|R06425-24_4	3C.2a1b.2a.2a.3a.1	2024-07-31	2024
epi3606953/africa/south_africa/2024-07-31	EPI3606953	2024-07-31	unchanged	Africa	South Africa	Province of the Western Cape			A / H3N2	3C.2a1b.2a.2a.3a.1	2a.3a.1	J.2	99.0104772991851	Human	National Institute for Communicable Diseases (NICD)	EPI_ISL_19493779	2024-07-31	EPI3606953|R06424-24_4	3C.2a1b.2a.2a.3a.1	2024-07-31	2024
epi3606917/africa/south_africa/2024-07-30	EPI3606917	2024-07-30	unchanged	Africa	South Africa	Province of the Western Cape			A / H3N2	3C.2a1b.2a.2a.3a.1	2a.3a.1	J.2	99.0104772991851	Human	National Institute for Communicable Diseases (NICD)	EPI_ISL_19493774	2024-07-30	EPI3606917|R06361-24_4	3C.2a1b.2a.2a.3a.1	2024-07-30	2024
epi2725158/africa/south_africa/2023-06-21	EPI2725158	2023-06-21	unchanged	Africa	South Africa	Gauteng			A / H3N2	3C.2a1b.2a.2a.3a.1	2a.3a.1	J	99.0104772991851	Human	National Institute for Communicable Diseases (NICD)	EPI_ISL_18215910	2023-06-21	EPI2725158|R07192-23_4	3C.2a1b.2a.2a.3a.1	2023-06-21	2023
epi2725091/africa/south_africa/2023-06-19	EPI2725091	2023-06-19	unchanged	Africa	South Africa	Gauteng			A / H3N2	3C.2a1b.2a.2b	2b	G.2	99.0104772991851	Human	National Institute for Communicable Diseases (NICD)	EPI_ISL_18215900	2023-06-19	EPI2725091|R07073-23_4	3C.2a1b.2a.2b	2023-06-19	2023
epi2724963/africa/south_africa/2023-01-25	EPI2724963	2023-01-25	unchanged	Africa	South Africa	Gauteng			A / H3N2	3C.2a1b.2a.2a.3a.1	2a.3a.1	J	99.0104772991851	Human	National Institute for Communicable Diseases (NICD)	EPI_ISL_18215883	2023-01-25	EPI2724963|R00721-23_4	3C.2a1b.2a.2a.3a.1	2023-01-25	2023
epi2508401/africa/south_africa/2022-06-14	EPI2508401	2022-06-14	unchanged	Africa	South Africa	Province of North-West			A / H3N2	3C.2a1b.2a.2c	2c	G.3	99.0104772991851	Human	National Institute for Communicable Diseases (NICD)	EPI_ISL_17453765	2022-06-14	EPI2508401|A/South Africa/R07363/2022	3C.2a1b.2a.2c	2022-06-14	2022
epi2073538/africa/south_africa/2021-11-10	EPI2073538	2021-11-10	unchanged	Africa	South Africa	Kwa-Zulu Natal			A / H3N2	3C.2a1b.2a.2c	2c	G.3	82.13038416763678	Human	National Institute for Communicable Diseases (NICD)	EPI_ISL_13399712	2021-11-10	EPI2073538|R16380_21_4	3C.2a1b.2a.2c	2021-11-10	2021
epi2073537/africa/south_africa/2021-11-09	EPI2073537	2021-11-09	unchanged	Africa	South Africa	Gauteng			A / H3N2	3C.2a1b.2a.2c	2c	G.3	81.89755529685681	Human	National Institute for Communicable Diseases (NICD)	EPI_ISL_13399711	2021-11-09	EPI2073537|R16245_21_4	3C.2a1b.2a.2c	2021-11-09	2021
epi2073535/africa/south_africa/2021-09-15	EPI2073535	2021-09-15	unchanged	Africa	South Africa	Gauteng			A / H3N2	3C.2a1b.2a.2c	2c	G.3	99.0104772991851	Human	National Institute for Communicable Diseases (NICD)	EPI_ISL_13399709	2021-09-15	EPI2073535|R13923_21_4	3C.2a1b.2a.2c	2021-09-15	2021
epi2073534/africa/south_africa/2021-09-16	EPI2073534	2021-09-16	unchanged	Africa	South Africa	Province of the Western Cape			A / H3N2	3C.2a1b.1b	3C.2a1b.1b	D	99.0104772991851	Human	National Institute for Communicable Diseases (NICD)	EPI_ISL_13399708	2021-09-16	EPI2073534|R13867_21_4	3C.2a1b.1b	2021-09-16	2021
epi4327622/africa/south_africa/2025-04-14	EPI4327622	2025-04-14	unchanged	Africa	South Africa	Province of the Western Cape			A / H3N2	3C.2a1b.2a.2a.3a.1	2a.3a.1	J.2.2	99.0104772991851	Human	National Institute for Communicable Diseases (NICD)	EPI_ISL_19864257	2025-04-14	EPI4327622|R03758_25_4	3C.2a1b.2a.2a.3a.1	2025-04-14	2025
epi4327566/africa/south_africa/2025-04-15	EPI4327566	2025-04-15	unchanged	Africa	South Africa	Gauteng			A / H3N2	3C.2a1b.2a.2a.3a.1	2a.3a.1	J.2.2	98.9522700814901	Human	National Institute for Communicable Diseases (NICD)	EPI_ISL_19864250	2025-04-15	EPI4327566|R03709_25_4	3C.2a1b.2a.2a.3a.1	2025-04-15	2025
epi3731161/africa/south_africa/2024-10-10	EPI3731161	2024-10-10	unchanged	Africa	South Africa				A / H3N2	3C.2a1b.2a.2a.3a.1	2a.3a.1	J.2	100.0	Human	Centers for Disease Control and Prevention	EPI_ISL_19628029	2024-10-10	EPI3731161|3004152446_N8KIUW06_v1_4	3C.2a1b.2a.2a.3a.1	2024-10-10	2024
epi3731153/africa/south_africa/2024-10-17	EPI3731153	2024-10-17	unchanged	Africa	South Africa				A / H3N2	3C.2a1b.2a.2a.3a.1	2a.3a.1	J.2	100.0	Human	Centers for Disease Control and Prevention	EPI_ISL_19628028	2024-10-17	EPI3731153|3004152447_N8KIUW0B_v1_4	3C.2a1b.2a.2a.3a.1	2024-10-17	2024
epi3731145/africa/south_africa/2024-09-27	EPI3731145	2024-09-27	unchanged	Africa	South Africa				A / H3N2	3C.2a1b.2a.2a.3a.1	2a.3a.1	J.2	100.0	Human	Centers for Disease Control and Prevention	EPI_ISL_19628027	2024-09-27	EPI3731145|3004152444_N8KIUVZW_v1_4	3C.2a1b.2a.2a.3a.1	2024-09-27	2024
epi3067225/africa/south_africa/2022-06-07	EPI3067225	2022-06-07	unchanged	Africa	South Africa	Province of the Western Cape			A / H3N2	3C.2a1b.2a.2b	2b	G.2	99.0104772991851	Human	National Institute for Communicable Diseases (NICD)	EPI_ISL_18931235	2022-06-07	EPI3067225|R07023-22_4	3C.2a1b.2a.2b	2022-06-07	2022
epi3067220/africa/south_africa/2022-09-08	EPI3067220	2022-09-08	unchanged	Africa	South Africa	Province of the Western Cape			A / H3N2	3C.2a1b.2a.2a.1	2a.1	G.1.1	99.0104772991851	Human	National Institute for Communicable Diseases (NICD)	EPI_ISL_18931234	2022-09-08	EPI3067220|R10923-22_4	3C.2a1b.2a.2a	2022-09-08	2022
epi3067160/africa/south_africa/2022-08-30	EPI3067160	2022-08-30	unchanged	Africa	South Africa	North West			A / H3N2	3C.2a1b.2a.2c	2c	G.3	99.0104772991851	Human	National Institute for Communicable Diseases (NICD)	EPI_ISL_18931227	2022-08-30	EPI3067160|R10361-22_4	3C.2a1b.2a.2c	2022-08-30	2022
epi3067135/africa/south_africa/2022-08-24	EPI3067135	2022-08-24	unchanged	Africa	South Africa	KwaZulu Natal			A / H3N2	3C.2a1b.2a.2c	2c	G.3	99.0104772991851	Human	National Institute for Communicable Diseases (NICD)	EPI_ISL_18931224	2022-08-24	EPI3067135|R10185-22_4	3C.2a1b.2a.2c	2022-08-24	2022
epi3067094/africa/south_africa/2022-08-22	EPI3067094	2022-08-22	unchanged	Africa	South Africa	Province of Eastern Cape			A / H3N2	3C.2a1b.2a.2c	2c	G.3	99.0104772991851	Human	National Institute for Communicable Diseases (NICD)	EPI_ISL_18931218	2022-08-22	EPI3067094|R09954-22_4	3C.2a1b.2a.2c	2022-08-22	2022
epi3067022/africa/south_africa/2021-10-26	EPI3067022	2021-10-26	unchanged	Africa	South Africa	Province of the Western Cape			A / H3N2	3C.2a1b.1b	3C.2a1b.1b	D	99.0104772991851	Human	National Institute for Communicable Diseases (NICD)	EPI_ISL_18931209	2021-10-26	EPI3067022|R15681-21_4	3C.2a1b.1b	2021-10-26	2021
epi3066944/africa/south_africa/2022-07-01	EPI3066944	2022-07-01	unchanged	Africa	South Africa	Province of the Western Cape			A / H3N2	3C.2a1b.2a.2b	2b	G.2	98.9522700814901	Human	National Institute for Communicable Diseases (NICD)	EPI_ISL_18931198	2022-07-01	EPI3066944|R08173-22_4	3C.2a1b.2a.2b	2022-07-01	2022
epi3066927/africa/south_africa/2021-09-27	EPI3066927	2021-09-27	unchanged	Africa	South Africa	Gauteng			A / H3N2	3C.2a1b.2a.2c	2c	G.3	99.0104772991851	Human	National Institute for Communicable Diseases (NICD)	EPI_ISL_18931196	2021-09-27	EPI3066927|R14352-21_4	3C.2a1b.2a.2c	2021-09-27	2021
epi3066924/africa/south_africa/2022-06-21	EPI3066924	2022-06-21	unchanged	Africa	South Africa	Province of the Western Cape			A / H3N2	3C.2a1b.2a.2b	2b	G.2	98.9522700814901	Human	National Institute for Communicable Diseases (NICD)	EPI_ISL_18931195	2022-06-21	EPI3066924|R07791-22_4	3C.2a1b.2a.2b	2022-06-21	2022
epi3066870/africa/south_africa/2022-10-13	EPI3066870	2022-10-13	unchanged	Africa	South Africa	North West			A / H3N2	3C.2a1b.2a.2a.3	2a.3	G.1.3	99.0104772991851	Human	National Institute for Communicable Diseases (NICD)	EPI_ISL_18931188	2022-10-13	EPI3066870|R12767-22_4	3C.2a1b.2a.2a.3	2022-10-13	2022
epi3066849/africa/south_africa/2022-10-10	EPI3066849	2022-10-10	unchanged	Africa	South Africa	North West			A / H3N2	3C.2a1b.2a.2a.3	2a.3	G.1.3	99.0104772991851	Human	National Institute for Communicable Diseases (NICD)	EPI_ISL_18931185	2022-10-10	EPI3066849|R12528-22_4	3C.2a1b.2a.2a.3	2022-10-10	2022
epi3066825/africa/south_africa/2022-09-23	EPI3066825	2022-09-23	unchanged	Africa	South Africa	North West			A / H3N2	3C.2a1b.2a.2c	2c	G.3	99.0104772991851	Human	National Institute for Communicable Diseases (NICD)	EPI_ISL_18931182	2022-09-23	EPI3066825|R11891-22_4	3C.2a1b.2a.2c	2022-09-23	2022
epi3066817/africa/south_africa/2022-06-17	EPI3066817	2022-06-17	unchanged	Africa	South Africa	Province of the Western Cape			A / H3N2	3C.2a1b.2a.2b	2b	G.2	98.9522700814901	Human	National Institute for Communicable Diseases (NICD)	EPI_ISL_18931181	2022-06-17	EPI3066817|R07585-22_4	3C.2a1b.2a.2b	2022-06-17	2022
epi3066801/africa/south_africa/2022-09-20	EPI3066801	2022-09-20	unchanged	Africa	South Africa	Mpumalanga			A / H3N2	3C.2a1b.2a.2c	2c	G.3	99.0104772991851	Human	National Institute for Communicable Diseases (NICD)	EPI_ISL_18931179	2022-09-20	EPI3066801|R11843-22_4	3C.2a1b.2a.2c	2022-09-20	2022
epi3066783/africa/south_africa/2022-09-14	EPI3066783	2022-09-14	unchanged	Africa	South Africa	Province of Eastern Cape			A / H3N2	3C.2a1b.2a.2b	2b	G.2	99.0104772991851	Human	National Institute for Communicable Diseases (NICD)	EPI_ISL_18931176	2022-09-14	EPI3066783|R11449-22_4	3C.2a1b.2a.2b	2022-09-14	2022
epi2610195/africa/south_africa/2023-04-18	EPI2610195	2023-04-18	unchanged	Africa	South Africa	Gauteng			A / H3N2	3C.2a1b.2a.2a.1b	2a.1b	G.1.1.2	99.0104772991851	Human	National Institute for Communicable Diseases (NICD)	EPI_ISL_17891306	2023-04-18	EPI2610195|R03807-23_4	3C.2a1b.2a.2a.1b	2023-04-18	2023
epi2610179/africa/south_africa/2023-04-17	EPI2610179	2023-04-17	unchanged	Africa	South Africa	Gauteng			A / H3N2	3C.2a1b.2a.2b	2b	G.2	99.0104772991851	Human	National Institute for Communicable Diseases (NICD)	EPI_ISL_17891261	2023-04-17	EPI2610179|R03715-23_4	3C.2a1b.2a.2b	2023-04-17	2023
epi2610163/africa/south_africa/2023-04-13	EPI2610163	2023-04-13	unchanged	Africa	South Africa	Gauteng			A / H3N2	3C.2a1b.2a.2b	2b	G.2	99.0104772991851	Human	National Institute for Communicable Diseases (NICD)	EPI_ISL_17891213	2023-04-13	EPI2610163|R03674-23_4	3C.2a1b.2a.2b	2023-04-13	2023
epi2610147/africa/south_africa/2023-04-11	EPI2610147	2023-04-11	unchanged	Africa	South Africa	KwaZulu Natal			A / H3N2	3C.2a1b.2a.2b	2b	G.2	99.0104772991851	Human	National Institute for Communicable Diseases (NICD)	EPI_ISL_17891165	2023-04-11	EPI2610147|R03620-23_4	3C.2a1b.2a.2b	2023-04-11	2023
epi2610131/africa/south_africa/2023-04-06	EPI2610131	2023-04-06	unchanged	Africa	South Africa	KwaZulu Natal			A / H3N2	3C.2a1b.2a.2a.3a	2a.3a	G.1.3.1	99.0104772991851	Human	National Institute for Communicable Diseases (NICD)	EPI_ISL_17891146	2023-04-06	EPI2610131|R03596-23_4	3C.2a1b.2a.2a.3a	2023-04-06	2023
epi2610123/africa/south_africa/2023-04-13	EPI2610123	2023-04-13	unchanged	Africa	South Africa	Unknown			A / H3N2	3C.2a1b.2a.2a.1b	2a.1b	G.1.1.2	99.0104772991851	Human	National Institute for Communicable Diseases (NICD)	EPI_ISL_17891123	2023-04-13	EPI2610123|R03550-23_4	3C.2a1b.2a.2a.1b	2023-04-13	2023
epi2610111/africa/south_africa/2023-04-12	EPI2610111	2023-04-12	unchanged	Africa	South Africa	Gauteng			A / H3N2	3C.2a1b.2a.2a.3a.1	2a.3a.1	J	99.0104772991851	Human	National Institute for Communicable Diseases (NICD)	EPI_ISL_17891088	2023-04-12	EPI2610111|R03513-23_4	3C.2a1b.2a.2a.3a.1	2023-04-12	2023
epi2610066/africa/south_africa/2023-03-23	EPI2610066	2023-03-23	unchanged	Africa	South Africa	Eastern cape			A / H3N2	3C.2a1b.2a.2b	2b	G.2	99.0104772991851	Human	National Institute for Communicable Diseases (NICD)	EPI_ISL_17890961	2023-03-23	EPI2610066|R02921-23_4	3C.2a1b.2a.2b	2023-03-23	2023
epi2610058/africa/south_africa/2023-03-27	EPI2610058	2023-03-27	unchanged	Africa	South Africa	Province of the Western Cape			A / H3N2	3C.2a1b.2a.2a.1b	2a.1b	G.1.1.2	99.0104772991851	Human	National Institute for Communicable Diseases (NICD)	EPI_ISL_17890936	2023-03-27	EPI2610058|R02866-23_4	3C.2a1b.2a.2a.1b	2023-03-27	2023
epi2312176/africa/south_africa/2022-05-25	EPI2312176	2022-05-25	unchanged	Africa	South Africa	Gauteng			A / H3N2	3C.2a1b.2a.2c	2c	G.3	99.30151338766008	Human	National Institute for Communicable Diseases (NICD)	EPI_ISL_16645443	2022-05-25	EPI2312176|A/South Africa/R06552/2022	3C.2a1b.2a.2c	2022-05-25	2022
epi2178953/africa/south_africa/2022-07-04	EPI2178953	2022-07-04	unchanged	Africa	South Africa	Province of the Western Cape	Sandringham, Johannesburg		A / H3N2	3C.2a1b.2a.2b	2b	G.2	99.0104772991851	Human	WHO Collaborating Centre for Reference and Research on Influenza	EPI_ISL_14991267	2022-07-04	EPI2178953|N10063266.4	3C.2a1b.2a.2b	2022-07-04	2022
epi2178950/africa/south_africa/2022-07-20	EPI2178950	2022-07-20	unchanged	Africa	South Africa	Gauteng	Sandringham, Johannesburg		A / H3N2	3C.2a1b.2a.2c	2c	G.3	99.0104772991851	Human	WHO Collaborating Centre for Reference and Research on Influenza	EPI_ISL_14991266	2022-07-20	EPI2178950|N10063265.4	3C.2a1b.2a.2c	2022-07-20	2022
epi2178947/africa/south_africa/2022-07-14	EPI2178947	2022-07-14	unchanged	Africa	South Africa	Province of the Western Cape	Sandringham, Johannesburg		A / H3N2	3C.2a1b.2a.2b	2b	G.2	99.0104772991851	Human	WHO Collaborating Centre for Reference and Research on Influenza	EPI_ISL_14991265	2022-07-14	EPI2178947|N10063264.4	3C.2a1b.2a.2b	2022-07-14	2022
epi2178929/africa/south_africa/2022-06-03	EPI2178929	2022-06-03	unchanged	Africa	South Africa	Province of the Western Cape	Sandringham, Johannesburg		A / H3N2	3C.2a1b.2a.2b	2b	G.2	99.0104772991851	Human	WHO Collaborating Centre for Reference and Research on Influenza	EPI_ISL_14991259	2022-06-03	EPI2178929|N10063258.4	3C.2a1b.2a.2b	2022-06-03	2022
epi2178926/africa/south_africa/2022-07-01	EPI2178926	2022-07-01	unchanged	Africa	South Africa	Kwazulu Natal			A / H3N2	3C.2a1b.2a.2c	2c	G.3	99.0104772991851	Human	WHO Collaborating Centre for Reference and Research on Influenza	EPI_ISL_14991258	2022-07-01	EPI2178926|N10063257.4	3C.2a1b.2a.2c	2022-07-01	2022
epi2178923/africa/south_africa/2022-05-23	EPI2178923	2022-05-23	unchanged	Africa	South Africa	Province of the Western Cape	Sandringham, Johannesburg		A / H3N2	3C.2a1b.2a.2c	2c	G.3	99.0104772991851	Human	WHO Collaborating Centre for Reference and Research on Influenza	EPI_ISL_14991257	2022-05-23	EPI2178923|N10063256.4	3C.2a1b.2a.2c	2022-05-23	2022
epi2178920/africa/south_africa/2022-07-05	EPI2178920	2022-07-05	unchanged	Africa	South Africa	Province of the Western Cape	Sandringham, Johannesburg		A / H3N2	3C.2a1b.2a.2b	2b	G.2	99.0104772991851	Human	WHO Collaborating Centre for Reference and Research on Influenza	EPI_ISL_14991256	2022-07-05	EPI2178920|N10063255.4	3C.2a1b.2a.2b	2022-07-05	2022
epi3509273/africa/south_africa/2024-05-14	EPI3509273	2024-05-14	unchanged	Africa	South Africa	Gauteng			A / H3N2	3C.2a1b.2a.2a.3a.1	2a.3a.1	J.2	100.0	Human	Vaccines and Infectious Diseases Analytics Research Unit	EPI_ISL_19340943	2024-05-14	EPI3509273|A/South Africa/PET32849/2024	3C.2a1b.2a.2a.3a.1	2024-05-14	2024
epi2610097/africa/south_africa/2023-04-05	EPI2610097	2023-04-05	unchanged	Africa	South Africa	Province of the Western Cape			A / H3N2	3C.2a1b.2a.2b	2b	G.2	99.0104772991851	Human	National Institute for Communicable Diseases (NICD)	EPI_ISL_17891052	2023-04-05	EPI2610097|R03415-23_4	3C.2a1b.2a.2b	2023-04-05	2023
epi2610090/africa/south_africa/2023-03-31	EPI2610090	2023-03-31	unchanged	Africa	South Africa	Province of the Western Cape			A / H3N2	3C.2a1b.2a.2a.1b	2a.1b	G.1.1.2	99.0104772991851	Human	National Institute for Communicable Diseases (NICD)	EPI_ISL_17891030	2023-03-31	EPI2610090|R03153-23_4	3C.2a1b.2a.2a.1b	2023-03-31	2023
epi2610082/africa/south_africa/2023-03-29	EPI2610082	2023-03-29	unchanged	Africa	South Africa	Gauteng			A / H3N2	3C.2a1b.2a.2a.1b	2a.1b	G.1.1.2	99.0104772991851	Human	National Institute for Communicable Diseases (NICD)	EPI_ISL_17891009	2023-03-29	EPI2610082|R03006-23_4	3C.2a1b.2a.2a.1b	2023-03-29	2023
epi2610074/africa/south_africa/2023-03-22	EPI2610074	2023-03-22	unchanged	Africa	South Africa	Eastern cape			A / H3N2	3C.2a1b.2a.2b	2b	G.2	99.0104772991851	Human	National Institute for Communicable Diseases (NICD)	EPI_ISL_17890985	2023-03-22	EPI2610074|R02922-23_4	3C.2a1b.2a.2b	2023-03-22	2023
epi4473766/africa/south_africa/2025-04-03	EPI4473766	2025-04-03	unchanged	Africa	South Africa				A / H3N2	3C.2a1b.2a.2a.3a.1	2a.3a.1	J.2.2	100.0	Human	Centers for Disease Control and Prevention	EPI_ISL_20059257	2025-04-03	EPI4473766|3004160083_N8KIVPGV_v1_4	3C.2a1b.2a.2a.3a.1	2025-04-03	2025
epi4473750/africa/south_africa/2025-03-24	EPI4473750	2025-03-24	unchanged	Africa	South Africa				A / H3N2	3C.2a1b.2a.2a.3a.1	2a.3a.1	J.2.2	100.0	Human	Centers for Disease Control and Prevention	EPI_ISL_20059255	2025-03-24	EPI4473750|3004160074_N8KIVPFM_v1_4	3C.2a1b.2a.2a.3a.1	2025-03-24	2025
epi4473702/africa/south_africa/2025-01-28	EPI4473702	2025-01-28	unchanged	Africa	South Africa				A / H3N2	3C.2a1b.2a.2a.3a.1	2a.3a.1	J.2.2	99.941792782305	Human	Centers for Disease Control and Prevention	EPI_ISL_20059249	2025-01-28	EPI4473702|3004160069_N8KIVPEX_v1_4	3C.2a1b.2a.2a.3a.1	2025-01-28	2025
epi4473848/africa/south_africa/2025-03-14	EPI4473848	2025-03-14	unchanged	Africa	South Africa				A / H3N2	3C.2a1b.2a.2a.3a.1	2a.3a.1	J.2.2	100.0	Human	Centers for Disease Control and Prevention	EPI_ISL_20059267	2025-03-14	EPI4473848|3004160071_N8KIVPF7_v1_4	3C.2a1b.2a.2a.3a.1	2025-03-14	2025
epi4547862/africa/south_africa/2025-06-18	EPI4547862	2025-06-18	unchanged	Africa	South Africa	North West			A / H3N2	3C.2a1b.2a.2a.3a.1	2a.3a.1	J.2.2	99.0104772991851	Human	National Institute for Communicable Diseases (NICD)	EPI_ISL_20079713	2025-06-18	EPI4547862|R05456_25_4	3C.2a1b.2a.2a.3a.1	2025-06-18	2025
epi4599857/africa/south_africa/2025-07-04	EPI4599857	2025-07-04	unchanged	Africa	South Africa	Gauteng			A / H3N2	3C.2a1b.2a.2a.3a.1	2a.3a.1	J.2.2	99.0104772991851	Human	National Institute for Communicable Diseases (NICD)	EPI_ISL_20101144	2025-07-04	EPI4599857|R05999_25_4	3C.2a1b.2a.2a.3a.1	2025-07-04	2025
epi4599816/africa/south_africa/2025-06-20	EPI4599816	2025-06-20	unchanged	Africa	South Africa	KwaZulu Natal			A / H3N2	3C.2a1b.2a.2a.3a.1	2a.3a.1	J.2.2	99.0104772991851	Human	National Institute for Communicable Diseases (NICD)	EPI_ISL_20101139	2025-06-20	EPI4599816|R05892_25_4	3C.2a1b.2a.2a.3a.1	2025-06-20	2025
epi4599849/africa/south_africa/2025-07-03	EPI4599849	2025-07-03	unchanged	Africa	South Africa	North West			A / H3N2	3C.2a1b.2a.2a.3a.1	2a.3a.1	J.2.2	99.0104772991851	Human	National Institute for Communicable Diseases (NICD)	EPI_ISL_20101143	2025-07-03	EPI4599849|R05986_25_4	3C.2a1b.2a.2a.3a.1	2025-07-03	2025
epi4599841/africa/south_africa/2025-07-04	EPI4599841	2025-07-04	unchanged	Africa	South Africa	Gauteng			A / H3N2	3C.2a1b.2a.2a.3a.1	2a.3a.1	J.2	98.9522700814901	Human	National Institute for Communicable Diseases (NICD)	EPI_ISL_20101142	2025-07-04	EPI4599841|R05972_25_4	3C.2a1b.2a.2a.3a.1	2025-07-04	2025
epi4599703/africa/south_africa/2025-07-01	EPI4599703	2025-07-01	unchanged	Africa	South Africa	Gauteng			A / H3N2	3C.2a1b.2a.2a.3a.1	2a.3a.1	J.2.2	99.0104772991851	Human	National Institute for Communicable Diseases (NICD)	EPI_ISL_20101121	2025-07-01	EPI4599703|R05814_25_4	3C.2a1b.2a.2a.3a.1	2025-07-01	2025
epi4599719/africa/south_africa/2025-07-01	EPI4599719	2025-07-01	unchanged	Africa	South Africa	North West			A / H3N2	3C.2a1b.2a.2a.3a.1	2a.3a.1	J.2.2	98.9522700814901	Human	National Institute for Communicable Diseases (NICD)	EPI_ISL_20101123	2025-07-01	EPI4599719|R05842_25_4	3C.2a1b.2a.2a.3a.1	2025-07-01	2025
epi4452979/africa/south_africa/2025-06-05	EPI4452979	2025-06-05	unchanged	Africa	South Africa	North West			A / H3N2	3C.2a1b.2a.2a.3a.1	2a.3a.1	J.2.2	99.0104772991851	Human	National Institute for Communicable Diseases (NICD)	EPI_ISL_20049375	2025-06-05	EPI4452979|R05165-25_4	3C.2a1b.2a.2a.3a.1	2025-06-05	2025
epi4452409/africa/south_africa/2025-05-20	EPI4452409	2025-05-20	unchanged	Africa	South Africa	North West			A / H3N2	3C.2a1b.2a.2a.3a.1	2a.3a.1	J.2.2	99.0104772991851	Human	National Institute for Communicable Diseases (NICD)	EPI_ISL_20049230	2025-05-20	EPI4452409|R04640-25_4	3C.2a1b.2a.2a.3a.1	2025-05-20	2025
epi4452417/africa/south_africa/2025-05-21	EPI4452417	2025-05-21	unchanged	Africa	South Africa	Gauteng			A / H3N2	3C.2a1b.2a.2a.3a.1	2a.3a.1	J.2.2	99.0104772991851	Human	National Institute for Communicable Diseases (NICD)	EPI_ISL_20049231	2025-05-21	EPI4452417|R04646-25_4	3C.2a1b.2a.2a.3a.1	2025-05-21	2025
epi4453191/africa/south_africa/2025-06-13	EPI4453191	2025-06-13	unchanged	Africa	South Africa	Gauteng			A / H3N2	3C.2a1b.2a.2a.3a.1	2a.3a.1	J.2.2	99.0104772991851	Human	National Institute for Communicable Diseases (NICD)	EPI_ISL_20049402	2025-06-13	EPI4453191|R05369-25_4	3C.2a1b.2a.2a.3a.1	2025-06-13	2025
epi4452931/africa/south_africa/2025-06-03	EPI4452931	2025-06-03	unchanged	Africa	South Africa	Province of the Western Cape			A / H3N2	3C.2a1b.2a.2a.3a.1	2a.3a.1	J.2.2	99.0104772991851	Human	National Institute for Communicable Diseases (NICD)	EPI_ISL_20049369	2025-06-03	EPI4452931|R05098-25_4	3C.2a1b.2a.2a.3a.1	2025-06-03	2025
